<annotation>
	<folder>tt</folder>
	<filename>1_001.jpg</filename>
	<path>C:\Users\Raytine\Desktop\tt\1_001.jpg</path>
	<source>
		<database>Unknown</database>
	</source>
	<size>
		<width>1280</width>
		<height>720</height>
		<depth>3</depth>
	</size>
	<segmented>0</segmented>
	<object>
		<name>garbage</name>
		<pose>Unspecified</pose>
		<truncated>0</truncated>
		<difficult>0</difficult>
		<bndbox>
			<xmin>563</xmin>
			<ymin>514</ymin>
			<xmax>589</xmax>
			<ymax>542</ymax>
		</bndbox>
	</object>
	<object>
		<name>garbage</name>
		<pose>Unspecified</pose>
		<truncated>0</truncated>
		<difficult>0</difficult>
		<bndbox>
			<xmin>1036</xmin>
			<ymin>440</ymin>
			<xmax>1070</xmax>
			<ymax>459</ymax>
		</bndbox>
	</object>
</annotation>
