<annotation>
	<folder>tt</folder>
	<filename>1_015.jpg</filename>
	<path>C:\Users\Raytine\Desktop\tt\1_015.jpg</path>
	<source>
		<database>Unknown</database>
	</source>
	<size>
		<width>1280</width>
		<height>720</height>
		<depth>3</depth>
	</size>
	<segmented>0</segmented>
	<object>
		<name>garbage</name>
		<pose>Unspecified</pose>
		<truncated>0</truncated>
		<difficult>0</difficult>
		<bndbox>
			<xmin>560</xmin>
			<ymin>515</ymin>
			<xmax>594</xmax>
			<ymax>538</ymax>
		</bndbox>
	</object>
	<object>
		<name>garbage</name>
		<pose>Unspecified</pose>
		<truncated>0</truncated>
		<difficult>0</difficult>
		<bndbox>
			<xmin>601</xmin>
			<ymin>480</ymin>
			<xmax>628</xmax>
			<ymax>500</ymax>
		</bndbox>
	</object>
	<object>
		<name>garbage</name>
		<pose>Unspecified</pose>
		<truncated>0</truncated>
		<difficult>0</difficult>
		<bndbox>
			<xmin>1032</xmin>
			<ymin>440</ymin>
			<xmax>1068</xmax>
			<ymax>464</ymax>
		</bndbox>
	</object>
</annotation>
