<annotation>
	<folder>tt</folder>
	<filename>1_070.jpg</filename>
	<path>C:\Users\Raytine\Desktop\tt\1_070.jpg</path>
	<source>
		<database>Unknown</database>
	</source>
	<size>
		<width>1280</width>
		<height>720</height>
		<depth>3</depth>
	</size>
	<segmented>0</segmented>
	<object>
		<name>garbage</name>
		<pose>Unspecified</pose>
		<truncated>0</truncated>
		<difficult>0</difficult>
		<bndbox>
			<xmin>650</xmin>
			<ymin>463</ymin>
			<xmax>676</xmax>
			<ymax>480</ymax>
		</bndbox>
	</object>
	<object>
		<name>garbage</name>
		<pose>Unspecified</pose>
		<truncated>0</truncated>
		<difficult>0</difficult>
		<bndbox>
			<xmin>579</xmin>
			<ymin>492</ymin>
			<xmax>614</xmax>
			<ymax>512</ymax>
		</bndbox>
	</object>
	<object>
		<name>garbage</name>
		<pose>Unspecified</pose>
		<truncated>0</truncated>
		<difficult>0</difficult>
		<bndbox>
			<xmin>644</xmin>
			<ymin>502</ymin>
			<xmax>656</xmax>
			<ymax>506</ymax>
		</bndbox>
	</object>
</annotation>
