<annotation>
	<folder>tt</folder>
	<filename>1_073.jpg</filename>
	<path>C:\Users\Raytine\Desktop\tt\1_073.jpg</path>
	<source>
		<database>Unknown</database>
	</source>
	<size>
		<width>1280</width>
		<height>720</height>
		<depth>3</depth>
	</size>
	<segmented>0</segmented>
	<object>
		<name>garbage</name>
		<pose>Unspecified</pose>
		<truncated>0</truncated>
		<difficult>0</difficult>
		<bndbox>
			<xmin>573</xmin>
			<ymin>492</ymin>
			<xmax>627</xmax>
			<ymax>514</ymax>
		</bndbox>
	</object>
	<object>
		<name>garbage</name>
		<pose>Unspecified</pose>
		<truncated>0</truncated>
		<difficult>0</difficult>
		<bndbox>
			<xmin>651</xmin>
			<ymin>467</ymin>
			<xmax>668</xmax>
			<ymax>481</ymax>
		</bndbox>
	</object>
	<object>
		<name>garbage</name>
		<pose>Unspecified</pose>
		<truncated>0</truncated>
		<difficult>0</difficult>
		<bndbox>
			<xmin>1032</xmin>
			<ymin>443</ymin>
			<xmax>1061</xmax>
			<ymax>457</ymax>
		</bndbox>
	</object>
</annotation>
