<annotation>
	<folder>tt</folder>
	<filename>1_260.jpg</filename>
	<path>C:\Users\Raytine\Desktop\tt\1_260.jpg</path>
	<source>
		<database>Unknown</database>
	</source>
	<size>
		<width>1280</width>
		<height>720</height>
		<depth>3</depth>
	</size>
	<segmented>0</segmented>
	<object>
		<name>garbage</name>
		<pose>Unspecified</pose>
		<truncated>0</truncated>
		<difficult>0</difficult>
		<bndbox>
			<xmin>620</xmin>
			<ymin>443</ymin>
			<xmax>689</xmax>
			<ymax>459</ymax>
		</bndbox>
	</object>
	<object>
		<name>garbage</name>
		<pose>Unspecified</pose>
		<truncated>0</truncated>
		<difficult>0</difficult>
		<bndbox>
			<xmin>793</xmin>
			<ymin>436</ymin>
			<xmax>817</xmax>
			<ymax>450</ymax>
		</bndbox>
	</object>
	<object>
		<name>garbage</name>
		<pose>Unspecified</pose>
		<truncated>0</truncated>
		<difficult>0</difficult>
		<bndbox>
			<xmin>1036</xmin>
			<ymin>436</ymin>
			<xmax>1071</xmax>
			<ymax>473</ymax>
		</bndbox>
	</object>
</annotation>
