<annotation>
	<folder>tt</folder>
	<filename>1_274.jpg</filename>
	<path>C:\Users\Raytine\Desktop\tt\1_274.jpg</path>
	<source>
		<database>Unknown</database>
	</source>
	<size>
		<width>1280</width>
		<height>720</height>
		<depth>3</depth>
	</size>
	<segmented>0</segmented>
	<object>
		<name>garbage</name>
		<pose>Unspecified</pose>
		<truncated>0</truncated>
		<difficult>0</difficult>
		<bndbox>
			<xmin>744</xmin>
			<ymin>471</ymin>
			<xmax>759</xmax>
			<ymax>487</ymax>
		</bndbox>
	</object>
	<object>
		<name>garbage</name>
		<pose>Unspecified</pose>
		<truncated>0</truncated>
		<difficult>0</difficult>
		<bndbox>
			<xmin>623</xmin>
			<ymin>434</ymin>
			<xmax>674</xmax>
			<ymax>444</ymax>
		</bndbox>
	</object>
	<object>
		<name>garbage</name>
		<pose>Unspecified</pose>
		<truncated>0</truncated>
		<difficult>0</difficult>
		<bndbox>
			<xmin>792</xmin>
			<ymin>431</ymin>
			<xmax>833</xmax>
			<ymax>450</ymax>
		</bndbox>
	</object>
</annotation>
