<annotation>
	<folder>tt</folder>
	<filename>2_019.jpg</filename>
	<path>C:\Users\Raytine\Desktop\tt\2_019.jpg</path>
	<source>
		<database>Unknown</database>
	</source>
	<size>
		<width>1280</width>
		<height>720</height>
		<depth>3</depth>
	</size>
	<segmented>0</segmented>
	<object>
		<name>garbage</name>
		<pose>Unspecified</pose>
		<truncated>0</truncated>
		<difficult>0</difficult>
		<bndbox>
			<xmin>1068</xmin>
			<ymin>301</ymin>
			<xmax>1155</xmax>
			<ymax>348</ymax>
		</bndbox>
	</object>
	<object>
		<name>garbage</name>
		<pose>Unspecified</pose>
		<truncated>0</truncated>
		<difficult>0</difficult>
		<bndbox>
			<xmin>1011</xmin>
			<ymin>314</ymin>
			<xmax>1041</xmax>
			<ymax>334</ymax>
		</bndbox>
	</object>
	<object>
		<name>garbage</name>
		<pose>Unspecified</pose>
		<truncated>0</truncated>
		<difficult>0</difficult>
		<bndbox>
			<xmin>957</xmin>
			<ymin>291</ymin>
			<xmax>998</xmax>
			<ymax>306</ymax>
		</bndbox>
	</object>
</annotation>
