<annotation>
	<folder>tt</folder>
	<filename>2_040.jpg</filename>
	<path>C:\Users\Raytine\Desktop\tt\2_040.jpg</path>
	<source>
		<database>Unknown</database>
	</source>
	<size>
		<width>1280</width>
		<height>720</height>
		<depth>3</depth>
	</size>
	<segmented>0</segmented>
	<object>
		<name>garbage</name>
		<pose>Unspecified</pose>
		<truncated>0</truncated>
		<difficult>0</difficult>
		<bndbox>
			<xmin>1165</xmin>
			<ymin>358</ymin>
			<xmax>1213</xmax>
			<ymax>381</ymax>
		</bndbox>
	</object>
	<object>
		<name>garbage</name>
		<pose>Unspecified</pose>
		<truncated>0</truncated>
		<difficult>0</difficult>
		<bndbox>
			<xmin>918</xmin>
			<ymin>287</ymin>
			<xmax>940</xmax>
			<ymax>306</ymax>
		</bndbox>
	</object>
	<object>
		<name>garbage</name>
		<pose>Unspecified</pose>
		<truncated>0</truncated>
		<difficult>0</difficult>
		<bndbox>
			<xmin>820</xmin>
			<ymin>269</ymin>
			<xmax>851</xmax>
			<ymax>297</ymax>
		</bndbox>
	</object>
</annotation>
