<annotation>
	<folder>tt</folder>
	<filename>3_005.jpg</filename>
	<path>C:\Users\Raytine\Desktop\tt\3_005.jpg</path>
	<source>
		<database>Unknown</database>
	</source>
	<size>
		<width>1638</width>
		<height>720</height>
		<depth>3</depth>
	</size>
	<segmented>0</segmented>
	<object>
		<name>garbage</name>
		<pose>Unspecified</pose>
		<truncated>0</truncated>
		<difficult>0</difficult>
		<bndbox>
			<xmin>1056</xmin>
			<ymin>345</ymin>
			<xmax>1079</xmax>
			<ymax>358</ymax>
		</bndbox>
	</object>
	<object>
		<name>garbage</name>
		<pose>Unspecified</pose>
		<truncated>0</truncated>
		<difficult>0</difficult>
		<bndbox>
			<xmin>1038</xmin>
			<ymin>244</ymin>
			<xmax>1061</xmax>
			<ymax>265</ymax>
		</bndbox>
	</object>
</annotation>
