<annotation>
	<folder>tt</folder>
	<filename>4_022.jpg</filename>
	<path>C:\Users\Raytine\Desktop\tt\4_022.jpg</path>
	<source>
		<database>Unknown</database>
	</source>
	<size>
		<width>1280</width>
		<height>720</height>
		<depth>3</depth>
	</size>
	<segmented>0</segmented>
	<object>
		<name>garbage</name>
		<pose>Unspecified</pose>
		<truncated>0</truncated>
		<difficult>0</difficult>
		<bndbox>
			<xmin>649</xmin>
			<ymin>614</ymin>
			<xmax>693</xmax>
			<ymax>640</ymax>
		</bndbox>
	</object>
	<object>
		<name>garbage</name>
		<pose>Unspecified</pose>
		<truncated>0</truncated>
		<difficult>0</difficult>
		<bndbox>
			<xmin>502</xmin>
			<ymin>533</ymin>
			<xmax>526</xmax>
			<ymax>538</ymax>
		</bndbox>
	</object>
	<object>
		<name>garbage</name>
		<pose>Unspecified</pose>
		<truncated>0</truncated>
		<difficult>0</difficult>
		<bndbox>
			<xmin>474</xmin>
			<ymin>531</ymin>
			<xmax>484</xmax>
			<ymax>538</ymax>
		</bndbox>
	</object>
</annotation>
