<annotation>
	<folder>tt</folder>
	<filename>4_025.jpg</filename>
	<path>C:\Users\Raytine\Desktop\tt\4_025.jpg</path>
	<source>
		<database>Unknown</database>
	</source>
	<size>
		<width>1280</width>
		<height>720</height>
		<depth>3</depth>
	</size>
	<segmented>0</segmented>
	<object>
		<name>garbage</name>
		<pose>Unspecified</pose>
		<truncated>0</truncated>
		<difficult>0</difficult>
		<bndbox>
			<xmin>709</xmin>
			<ymin>657</ymin>
			<xmax>737</xmax>
			<ymax>672</ymax>
		</bndbox>
	</object>
	<object>
		<name>garbage</name>
		<pose>Unspecified</pose>
		<truncated>0</truncated>
		<difficult>0</difficult>
		<bndbox>
			<xmin>495</xmin>
			<ymin>547</ymin>
			<xmax>568</xmax>
			<ymax>566</ymax>
		</bndbox>
	</object>
</annotation>
