<annotation>
	<folder>tt</folder>
	<filename>4_036.jpg</filename>
	<path>C:\Users\Raytine\Desktop\tt\4_036.jpg</path>
	<source>
		<database>Unknown</database>
	</source>
	<size>
		<width>1280</width>
		<height>720</height>
		<depth>3</depth>
	</size>
	<segmented>0</segmented>
	<object>
		<name>garbage</name>
		<pose>Unspecified</pose>
		<truncated>0</truncated>
		<difficult>0</difficult>
		<bndbox>
			<xmin>682</xmin>
			<ymin>672</ymin>
			<xmax>695</xmax>
			<ymax>687</ymax>
		</bndbox>
	</object>
	<object>
		<name>garbage</name>
		<pose>Unspecified</pose>
		<truncated>0</truncated>
		<difficult>0</difficult>
		<bndbox>
			<xmin>622</xmin>
			<ymin>652</ymin>
			<xmax>639</xmax>
			<ymax>671</ymax>
		</bndbox>
	</object>
	<object>
		<name>garbage</name>
		<pose>Unspecified</pose>
		<truncated>0</truncated>
		<difficult>0</difficult>
		<bndbox>
			<xmin>466</xmin>
			<ymin>463</ymin>
			<xmax>479</xmax>
			<ymax>474</ymax>
		</bndbox>
	</object>
</annotation>
