<annotation>
	<folder>tt</folder>
	<filename>4_053.jpg</filename>
	<path>C:\Users\Raytine\Desktop\tt\4_053.jpg</path>
	<source>
		<database>Unknown</database>
	</source>
	<size>
		<width>1280</width>
		<height>720</height>
		<depth>3</depth>
	</size>
	<segmented>0</segmented>
	<object>
		<name>garbage</name>
		<pose>Unspecified</pose>
		<truncated>0</truncated>
		<difficult>0</difficult>
		<bndbox>
			<xmin>576</xmin>
			<ymin>564</ymin>
			<xmax>603</xmax>
			<ymax>576</ymax>
		</bndbox>
	</object>
	<object>
		<name>garbage</name>
		<pose>Unspecified</pose>
		<truncated>0</truncated>
		<difficult>0</difficult>
		<bndbox>
			<xmin>494</xmin>
			<ymin>468</ymin>
			<xmax>506</xmax>
			<ymax>477</ymax>
		</bndbox>
	</object>
</annotation>
