<annotation>
	<folder>tt</folder>
	<filename>4_050.jpg</filename>
	<path>C:\Users\Raytine\Desktop\tt\4_050.jpg</path>
	<source>
		<database>Unknown</database>
	</source>
	<size>
		<width>1280</width>
		<height>720</height>
		<depth>3</depth>
	</size>
	<segmented>0</segmented>
	<object>
		<name>garbage</name>
		<pose>Unspecified</pose>
		<truncated>0</truncated>
		<difficult>0</difficult>
		<bndbox>
			<xmin>541</xmin>
			<ymin>544</ymin>
			<xmax>573</xmax>
			<ymax>554</ymax>
		</bndbox>
	</object>
	<object>
		<name>garbage</name>
		<pose>Unspecified</pose>
		<truncated>0</truncated>
		<difficult>0</difficult>
		<bndbox>
			<xmin>475</xmin>
			<ymin>444</ymin>
			<xmax>492</xmax>
			<ymax>463</ymax>
		</bndbox>
	</object>
</annotation>
