<annotation>
	<folder>tt</folder>
	<filename>4_070.jpg</filename>
	<path>C:\Users\Raytine\Desktop\tt\4_070.jpg</path>
	<source>
		<database>Unknown</database>
	</source>
	<size>
		<width>1280</width>
		<height>720</height>
		<depth>3</depth>
	</size>
	<segmented>0</segmented>
	<object>
		<name>garbage</name>
		<pose>Unspecified</pose>
		<truncated>0</truncated>
		<difficult>0</difficult>
		<bndbox>
			<xmin>642</xmin>
			<ymin>574</ymin>
			<xmax>665</xmax>
			<ymax>587</ymax>
		</bndbox>
	</object>
	<object>
		<name>garbage</name>
		<pose>Unspecified</pose>
		<truncated>0</truncated>
		<difficult>0</difficult>
		<bndbox>
			<xmin>408</xmin>
			<ymin>425</ymin>
			<xmax>422</xmax>
			<ymax>434</ymax>
		</bndbox>
	</object>
	<object>
		<name>garbage</name>
		<pose>Unspecified</pose>
		<truncated>0</truncated>
		<difficult>0</difficult>
		<bndbox>
			<xmin>436</xmin>
			<ymin>457</ymin>
			<xmax>455</xmax>
			<ymax>464</ymax>
		</bndbox>
	</object>
</annotation>
