<annotation>
	<folder>tt</folder>
	<filename>4_071.jpg</filename>
	<path>C:\Users\Raytine\Desktop\tt\4_071.jpg</path>
	<source>
		<database>Unknown</database>
	</source>
	<size>
		<width>1280</width>
		<height>720</height>
		<depth>3</depth>
	</size>
	<segmented>0</segmented>
	<object>
		<name>garbage</name>
		<pose>Unspecified</pose>
		<truncated>0</truncated>
		<difficult>0</difficult>
		<bndbox>
			<xmin>654</xmin>
			<ymin>583</ymin>
			<xmax>690</xmax>
			<ymax>601</ymax>
		</bndbox>
	</object>
	<object>
		<name>garbage</name>
		<pose>Unspecified</pose>
		<truncated>0</truncated>
		<difficult>0</difficult>
		<bndbox>
			<xmin>440</xmin>
			<ymin>466</ymin>
			<xmax>475</xmax>
			<ymax>474</ymax>
		</bndbox>
	</object>
	<object>
		<name>garbage</name>
		<pose>Unspecified</pose>
		<truncated>0</truncated>
		<difficult>0</difficult>
		<bndbox>
			<xmin>409</xmin>
			<ymin>429</ymin>
			<xmax>426</xmax>
			<ymax>434</ymax>
		</bndbox>
	</object>
</annotation>
