<annotation>
	<folder>tt</folder>
	<filename>5_037.jpg</filename>
	<path>C:\Users\Raytine\Desktop\tt\5_037.jpg</path>
	<source>
		<database>Unknown</database>
	</source>
	<size>
		<width>1280</width>
		<height>720</height>
		<depth>3</depth>
	</size>
	<segmented>0</segmented>
	<object>
		<name>garbage</name>
		<pose>Unspecified</pose>
		<truncated>0</truncated>
		<difficult>0</difficult>
		<bndbox>
			<xmin>622</xmin>
			<ymin>562</ymin>
			<xmax>679</xmax>
			<ymax>580</ymax>
		</bndbox>
	</object>
	<object>
		<name>garbage</name>
		<pose>Unspecified</pose>
		<truncated>0</truncated>
		<difficult>0</difficult>
		<bndbox>
			<xmin>566</xmin>
			<ymin>506</ymin>
			<xmax>597</xmax>
			<ymax>516</ymax>
		</bndbox>
	</object>
	<object>
		<name>garbage</name>
		<pose>Unspecified</pose>
		<truncated>0</truncated>
		<difficult>0</difficult>
		<bndbox>
			<xmin>533</xmin>
			<ymin>457</ymin>
			<xmax>556</xmax>
			<ymax>468</ymax>
		</bndbox>
	</object>
</annotation>
