<annotation>
	<folder>tt</folder>
	<filename>7_007.jpg</filename>
	<path>C:\Users\Raytine\Desktop\tt\7_007.jpg</path>
	<source>
		<database>Unknown</database>
	</source>
	<size>
		<width>1280</width>
		<height>720</height>
		<depth>3</depth>
	</size>
	<segmented>0</segmented>
	<object>
		<name>garbage</name>
		<pose>Unspecified</pose>
		<truncated>0</truncated>
		<difficult>0</difficult>
		<bndbox>
			<xmin>836</xmin>
			<ymin>567</ymin>
			<xmax>859</xmax>
			<ymax>583</ymax>
		</bndbox>
	</object>
	<object>
		<name>garbage</name>
		<pose>Unspecified</pose>
		<truncated>0</truncated>
		<difficult>0</difficult>
		<bndbox>
			<xmin>768</xmin>
			<ymin>704</ymin>
			<xmax>797</xmax>
			<ymax>712</ymax>
		</bndbox>
	</object>
	<object>
		<name>garbage</name>
		<pose>Unspecified</pose>
		<truncated>0</truncated>
		<difficult>0</difficult>
		<bndbox>
			<xmin>595</xmin>
			<ymin>563</ymin>
			<xmax>622</xmax>
			<ymax>583</ymax>
		</bndbox>
	</object>
</annotation>
