<annotation>
	<folder>tt</folder>
	<filename>7_009.jpg</filename>
	<path>C:\Users\Raytine\Desktop\tt\7_009.jpg</path>
	<source>
		<database>Unknown</database>
	</source>
	<size>
		<width>1280</width>
		<height>720</height>
		<depth>3</depth>
	</size>
	<segmented>0</segmented>
	<object>
		<name>garbage</name>
		<pose>Unspecified</pose>
		<truncated>0</truncated>
		<difficult>0</difficult>
		<bndbox>
			<xmin>803</xmin>
			<ymin>524</ymin>
			<xmax>865</xmax>
			<ymax>540</ymax>
		</bndbox>
	</object>
	<object>
		<name>garbage</name>
		<pose>Unspecified</pose>
		<truncated>0</truncated>
		<difficult>0</difficult>
		<bndbox>
			<xmin>873</xmin>
			<ymin>610</ymin>
			<xmax>899</xmax>
			<ymax>653</ymax>
		</bndbox>
	</object>
	<object>
		<name>garbage</name>
		<pose>Unspecified</pose>
		<truncated>0</truncated>
		<difficult>0</difficult>
		<bndbox>
			<xmin>598</xmin>
			<ymin>604</ymin>
			<xmax>656</xmax>
			<ymax>628</ymax>
		</bndbox>
	</object>
</annotation>
