<annotation>
	<folder>tt</folder>
	<filename>7_015.jpg</filename>
	<path>C:\Users\Raytine\Desktop\tt\7_015.jpg</path>
	<source>
		<database>Unknown</database>
	</source>
	<size>
		<width>1280</width>
		<height>720</height>
		<depth>3</depth>
	</size>
	<segmented>0</segmented>
	<object>
		<name>garbage</name>
		<pose>Unspecified</pose>
		<truncated>0</truncated>
		<difficult>0</difficult>
		<bndbox>
			<xmin>874</xmin>
			<ymin>628</ymin>
			<xmax>941</xmax>
			<ymax>653</ymax>
		</bndbox>
	</object>
	<object>
		<name>garbage</name>
		<pose>Unspecified</pose>
		<truncated>0</truncated>
		<difficult>0</difficult>
		<bndbox>
			<xmin>537</xmin>
			<ymin>578</ymin>
			<xmax>564</xmax>
			<ymax>590</ymax>
		</bndbox>
	</object>
	<object>
		<name>garbage</name>
		<pose>Unspecified</pose>
		<truncated>0</truncated>
		<difficult>0</difficult>
		<bndbox>
			<xmin>783</xmin>
			<ymin>645</ymin>
			<xmax>808</xmax>
			<ymax>674</ymax>
		</bndbox>
	</object>
</annotation>
