<annotation>
	<folder>jpg</folder>
	<filename>a07-059.jpg</filename>
	<path>C:\Users\robert\Desktop\river\jpg\a07-059.jpg</path>
	<source>
		<database>Unknown</database>
	</source>
	<size>
		<width>1275</width>
		<height>605</height>
		<depth>3</depth>
	</size>
	<segmented>0</segmented>
	<object>
		<name>garbage</name>
		<pose>Unspecified</pose>
		<truncated>0</truncated>
		<difficult>0</difficult>
		<bndbox>
			<xmin>238</xmin>
			<ymin>583</ymin>
			<xmax>287</xmax>
			<ymax>602</ymax>
		</bndbox>
	</object>
	<object>
		<name>garbage</name>
		<pose>Unspecified</pose>
		<truncated>0</truncated>
		<difficult>0</difficult>
		<bndbox>
			<xmin>179</xmin>
			<ymin>520</ymin>
			<xmax>237</xmax>
			<ymax>563</ymax>
		</bndbox>
	</object>
	<object>
		<name>garbage</name>
		<pose>Unspecified</pose>
		<truncated>0</truncated>
		<difficult>0</difficult>
		<bndbox>
			<xmin>99</xmin>
			<ymin>443</ymin>
			<xmax>155</xmax>
			<ymax>473</ymax>
		</bndbox>
	</object>
	<object>
		<name>garbage</name>
		<pose>Unspecified</pose>
		<truncated>0</truncated>
		<difficult>0</difficult>
		<bndbox>
			<xmin>404</xmin>
			<ymin>322</ymin>
			<xmax>450</xmax>
			<ymax>350</ymax>
		</bndbox>
	</object>
</annotation>
