<annotation>
	<folder>jpg</folder>
	<filename>a10-351.jpg</filename>
	<path>C:\Users\robert\Desktop\river\jpg\a10-351.jpg</path>
	<source>
		<database>Unknown</database>
	</source>
	<size>
		<width>1275</width>
		<height>605</height>
		<depth>3</depth>
	</size>
	<segmented>0</segmented>
	<object>
		<name>garbage</name>
		<pose>Unspecified</pose>
		<truncated>0</truncated>
		<difficult>0</difficult>
		<bndbox>
			<xmin>548</xmin>
			<ymin>361</ymin>
			<xmax>599</xmax>
			<ymax>391</ymax>
		</bndbox>
	</object>
	<object>
		<name>garbage</name>
		<pose>Unspecified</pose>
		<truncated>0</truncated>
		<difficult>0</difficult>
		<bndbox>
			<xmin>666</xmin>
			<ymin>335</ymin>
			<xmax>787</xmax>
			<ymax>378</ymax>
		</bndbox>
	</object>
</annotation>
