<annotation>
	<folder>jpg</folder>
	<filename>a13-350.jpg</filename>
	<path>C:\Users\robert\Desktop\river\jpg\a13-350.jpg</path>
	<source>
		<database>Unknown</database>
	</source>
	<size>
		<width>1275</width>
		<height>605</height>
		<depth>3</depth>
	</size>
	<segmented>0</segmented>
	<object>
		<name>garbage</name>
		<pose>Unspecified</pose>
		<truncated>0</truncated>
		<difficult>0</difficult>
		<bndbox>
			<xmin>1127</xmin>
			<ymin>483</ymin>
			<xmax>1174</xmax>
			<ymax>509</ymax>
		</bndbox>
	</object>
</annotation>
