<annotation>
	<folder>jpg</folder>
	<filename>a13-345.jpg</filename>
	<path>C:\Users\robert\Desktop\river\jpg\a13-345.jpg</path>
	<source>
		<database>Unknown</database>
	</source>
	<size>
		<width>1275</width>
		<height>605</height>
		<depth>3</depth>
	</size>
	<segmented>0</segmented>
	<object>
		<name>garbage</name>
		<pose>Unspecified</pose>
		<truncated>0</truncated>
		<difficult>0</difficult>
		<bndbox>
			<xmin>1064</xmin>
			<ymin>481</ymin>
			<xmax>1105</xmax>
			<ymax>502</ymax>
		</bndbox>
	</object>
</annotation>
