<annotation>
	<folder>jpg2</folder>
	<filename>a19-326.jpg</filename>
	<path>C:\Users\Raytine\Desktop\jpg2\a19-326.jpg</path>
	<source>
		<database>Unknown</database>
	</source>
	<size>
		<width>1275</width>
		<height>605</height>
		<depth>3</depth>
	</size>
	<segmented>0</segmented>
	<object>
		<name>garbage</name>
		<pose>Unspecified</pose>
		<truncated>0</truncated>
		<difficult>0</difficult>
		<bndbox>
			<xmin>546</xmin>
			<ymin>351</ymin>
			<xmax>646</xmax>
			<ymax>385</ymax>
		</bndbox>
	</object>
	<object>
		<name>garbage</name>
		<pose>Unspecified</pose>
		<truncated>0</truncated>
		<difficult>0</difficult>
		<bndbox>
			<xmin>847</xmin>
			<ymin>413</ymin>
			<xmax>903</xmax>
			<ymax>453</ymax>
		</bndbox>
	</object>
</annotation>
