<annotation>
	<folder>jpg2</folder>
	<filename>a19-380.jpg</filename>
	<path>C:\Users\Raytine\Desktop\jpg2\a19-380.jpg</path>
	<source>
		<database>Unknown</database>
	</source>
	<size>
		<width>1275</width>
		<height>605</height>
		<depth>3</depth>
	</size>
	<segmented>0</segmented>
	<object>
		<name>garbage</name>
		<pose>Unspecified</pose>
		<truncated>0</truncated>
		<difficult>0</difficult>
		<bndbox>
			<xmin>562</xmin>
			<ymin>377</ymin>
			<xmax>622</xmax>
			<ymax>401</ymax>
		</bndbox>
	</object>
	<object>
		<name>garbage</name>
		<pose>Unspecified</pose>
		<truncated>0</truncated>
		<difficult>0</difficult>
		<bndbox>
			<xmin>676</xmin>
			<ymin>468</ymin>
			<xmax>718</xmax>
			<ymax>489</ymax>
		</bndbox>
	</object>
	<object>
		<name>garbage</name>
		<pose>Unspecified</pose>
		<truncated>0</truncated>
		<difficult>0</difficult>
		<bndbox>
			<xmin>761</xmin>
			<ymin>456</ymin>
			<xmax>833</xmax>
			<ymax>475</ymax>
		</bndbox>
	</object>
</annotation>
