<annotation>
	<folder>jpg2</folder>
	<filename>a19-329.jpg</filename>
	<path>C:\Users\Raytine\Desktop\jpg2\a19-329.jpg</path>
	<source>
		<database>Unknown</database>
	</source>
	<size>
		<width>1275</width>
		<height>605</height>
		<depth>3</depth>
	</size>
	<segmented>0</segmented>
	<object>
		<name>garbage</name>
		<pose>Unspecified</pose>
		<truncated>0</truncated>
		<difficult>0</difficult>
		<bndbox>
			<xmin>719</xmin>
			<ymin>499</ymin>
			<xmax>736</xmax>
			<ymax>511</ymax>
		</bndbox>
	</object>
	<object>
		<name>garbage</name>
		<pose>Unspecified</pose>
		<truncated>0</truncated>
		<difficult>0</difficult>
		<bndbox>
			<xmin>760</xmin>
			<ymin>562</ymin>
			<xmax>792</xmax>
			<ymax>572</ymax>
		</bndbox>
	</object>
	<object>
		<name>garbage</name>
		<pose>Unspecified</pose>
		<truncated>0</truncated>
		<difficult>0</difficult>
		<bndbox>
			<xmin>785</xmin>
			<ymin>487</ymin>
			<xmax>813</xmax>
			<ymax>504</ymax>
		</bndbox>
	</object>
	<object>
		<name>garbage</name>
		<pose>Unspecified</pose>
		<truncated>0</truncated>
		<difficult>0</difficult>
		<bndbox>
			<xmin>1176</xmin>
			<ymin>548</ymin>
			<xmax>1209</xmax>
			<ymax>567</ymax>
		</bndbox>
	</object>
	<object>
		<name>garbage</name>
		<pose>Unspecified</pose>
		<truncated>0</truncated>
		<difficult>0</difficult>
		<bndbox>
			<xmin>657</xmin>
			<ymin>435</ymin>
			<xmax>701</xmax>
			<ymax>453</ymax>
		</bndbox>
	</object>
	<object>
		<name>garbage</name>
		<pose>Unspecified</pose>
		<truncated>0</truncated>
		<difficult>0</difficult>
		<bndbox>
			<xmin>553</xmin>
			<ymin>366</ymin>
			<xmax>586</xmax>
			<ymax>386</ymax>
		</bndbox>
	</object>
	<object>
		<name>garbage</name>
		<pose>Unspecified</pose>
		<truncated>0</truncated>
		<difficult>0</difficult>
		<bndbox>
			<xmin>704</xmin>
			<ymin>396</ymin>
			<xmax>730</xmax>
			<ymax>413</ymax>
		</bndbox>
	</object>
</annotation>
