<annotation>
	<folder>jpg</folder>
	<filename>g-334.jpg</filename>
	<path>C:\Users\robert\Desktop\river\jpg\g-334.jpg</path>
	<source>
		<database>Unknown</database>
	</source>
	<size>
		<width>938</width>
		<height>304</height>
		<depth>3</depth>
	</size>
	<segmented>0</segmented>
	<object>
		<name>garbage</name>
		<pose>Unspecified</pose>
		<truncated>0</truncated>
		<difficult>0</difficult>
		<bndbox>
			<xmin>107</xmin>
			<ymin>81</ymin>
			<xmax>263</xmax>
			<ymax>150</ymax>
		</bndbox>
	</object>
	<object>
		<name>garbage</name>
		<pose>Unspecified</pose>
		<truncated>0</truncated>
		<difficult>0</difficult>
		<bndbox>
			<xmin>318</xmin>
			<ymin>45</ymin>
			<xmax>426</xmax>
			<ymax>112</ymax>
		</bndbox>
	</object>
	<object>
		<name>garbage</name>
		<pose>Unspecified</pose>
		<truncated>0</truncated>
		<difficult>0</difficult>
		<bndbox>
			<xmin>308</xmin>
			<ymin>125</ymin>
			<xmax>432</xmax>
			<ymax>167</ymax>
		</bndbox>
	</object>
	<object>
		<name>garbage</name>
		<pose>Unspecified</pose>
		<truncated>0</truncated>
		<difficult>0</difficult>
		<bndbox>
			<xmin>218</xmin>
			<ymin>245</ymin>
			<xmax>267</xmax>
			<ymax>264</ymax>
		</bndbox>
	</object>
	<object>
		<name>garbage</name>
		<pose>Unspecified</pose>
		<truncated>0</truncated>
		<difficult>0</difficult>
		<bndbox>
			<xmin>4</xmin>
			<ymin>78</ymin>
			<xmax>159</xmax>
			<ymax>300</ymax>
		</bndbox>
	</object>
</annotation>
