<annotation>
	<folder>jpg</folder>
	<filename>g-339.jpg</filename>
	<path>C:\Users\robert\Desktop\river\jpg\g-339.jpg</path>
	<source>
		<database>Unknown</database>
	</source>
	<size>
		<width>938</width>
		<height>304</height>
		<depth>3</depth>
	</size>
	<segmented>0</segmented>
	<object>
		<name>garbage</name>
		<pose>Unspecified</pose>
		<truncated>1</truncated>
		<difficult>0</difficult>
		<bndbox>
			<xmin>171</xmin>
			<ymin>146</ymin>
			<xmax>371</xmax>
			<ymax>304</ymax>
		</bndbox>
	</object>
	<object>
		<name>garbage</name>
		<pose>Unspecified</pose>
		<truncated>0</truncated>
		<difficult>0</difficult>
		<bndbox>
			<xmin>586</xmin>
			<ymin>128</ymin>
			<xmax>673</xmax>
			<ymax>196</ymax>
		</bndbox>
	</object>
	<object>
		<name>garbage</name>
		<pose>Unspecified</pose>
		<truncated>1</truncated>
		<difficult>0</difficult>
		<bndbox>
			<xmin>1</xmin>
			<ymin>223</ymin>
			<xmax>112</xmax>
			<ymax>258</ymax>
		</bndbox>
	</object>
	<object>
		<name>garbage</name>
		<pose>Unspecified</pose>
		<truncated>1</truncated>
		<difficult>0</difficult>
		<bndbox>
			<xmin>641</xmin>
			<ymin>279</ymin>
			<xmax>697</xmax>
			<ymax>304</ymax>
		</bndbox>
	</object>
</annotation>
