<annotation>
	<folder>jpg</folder>
	<filename>j-088.jpg</filename>
	<path>C:\Users\robert\Desktop\river\jpg\j-088.jpg</path>
	<source>
		<database>Unknown</database>
	</source>
	<size>
		<width>884</width>
		<height>338</height>
		<depth>3</depth>
	</size>
	<segmented>0</segmented>
	<object>
		<name>garbage</name>
		<pose>Unspecified</pose>
		<truncated>1</truncated>
		<difficult>0</difficult>
		<bndbox>
			<xmin>1</xmin>
			<ymin>1</ymin>
			<xmax>435</xmax>
			<ymax>338</ymax>
		</bndbox>
	</object>
</annotation>
