<annotation>
	<folder>jpg</folder>
	<filename>j-198.jpg</filename>
	<path>C:\Users\robert\Desktop\river\jpg\j-198.jpg</path>
	<source>
		<database>Unknown</database>
	</source>
	<size>
		<width>884</width>
		<height>338</height>
		<depth>3</depth>
	</size>
	<segmented>0</segmented>
	<object>
		<name>garbage</name>
		<pose>Unspecified</pose>
		<truncated>0</truncated>
		<difficult>0</difficult>
		<bndbox>
			<xmin>513</xmin>
			<ymin>166</ymin>
			<xmax>570</xmax>
			<ymax>193</ymax>
		</bndbox>
	</object>
</annotation>
