<annotation>
	<folder>jpg</folder>
	<filename>j-276.jpg</filename>
	<path>C:\Users\robert\Desktop\river\jpg\j-276.jpg</path>
	<source>
		<database>Unknown</database>
	</source>
	<size>
		<width>884</width>
		<height>338</height>
		<depth>3</depth>
	</size>
	<segmented>0</segmented>
	<object>
		<name>garbage</name>
		<pose>Unspecified</pose>
		<truncated>0</truncated>
		<difficult>0</difficult>
		<bndbox>
			<xmin>817</xmin>
			<ymin>166</ymin>
			<xmax>851</xmax>
			<ymax>186</ymax>
		</bndbox>
	</object>
	<object>
		<name>garbage</name>
		<pose>Unspecified</pose>
		<truncated>0</truncated>
		<difficult>0</difficult>
		<bndbox>
			<xmin>790</xmin>
			<ymin>209</ymin>
			<xmax>815</xmax>
			<ymax>223</ymax>
		</bndbox>
	</object>
</annotation>
