<annotation>
	<folder>jpg</folder>
	<filename>j-278.jpg</filename>
	<path>C:\Users\robert\Desktop\river\jpg\j-278.jpg</path>
	<source>
		<database>Unknown</database>
	</source>
	<size>
		<width>884</width>
		<height>338</height>
		<depth>3</depth>
	</size>
	<segmented>0</segmented>
	<object>
		<name>garbage</name>
		<pose>Unspecified</pose>
		<truncated>0</truncated>
		<difficult>0</difficult>
		<bndbox>
			<xmin>745</xmin>
			<ymin>180</ymin>
			<xmax>780</xmax>
			<ymax>205</ymax>
		</bndbox>
	</object>
	<object>
		<name>garbage</name>
		<pose>Unspecified</pose>
		<truncated>0</truncated>
		<difficult>0</difficult>
		<bndbox>
			<xmin>696</xmin>
			<ymin>235</ymin>
			<xmax>725</xmax>
			<ymax>257</ymax>
		</bndbox>
	</object>
</annotation>
