<annotation>
	<folder>jpg</folder>
	<filename>j-277.jpg</filename>
	<path>C:\Users\robert\Desktop\river\jpg\j-277.jpg</path>
	<source>
		<database>Unknown</database>
	</source>
	<size>
		<width>884</width>
		<height>338</height>
		<depth>3</depth>
	</size>
	<segmented>0</segmented>
	<object>
		<name>garbage</name>
		<pose>Unspecified</pose>
		<truncated>0</truncated>
		<difficult>0</difficult>
		<bndbox>
			<xmin>838</xmin>
			<ymin>231</ymin>
			<xmax>875</xmax>
			<ymax>252</ymax>
		</bndbox>
	</object>
	<object>
		<name>garbage</name>
		<pose>Unspecified</pose>
		<truncated>0</truncated>
		<difficult>0</difficult>
		<bndbox>
			<xmin>595</xmin>
			<ymin>272</ymin>
			<xmax>635</xmax>
			<ymax>309</ymax>
		</bndbox>
	</object>
	<object>
		<name>garbage</name>
		<pose>Unspecified</pose>
		<truncated>1</truncated>
		<difficult>0</difficult>
		<bndbox>
			<xmin>633</xmin>
			<ymin>5</ymin>
			<xmax>884</xmax>
			<ymax>171</ymax>
		</bndbox>
	</object>
</annotation>
